{"eval_loss": 0.294729620218277, "eval_accuracy": 0.8973785638809204, "eval_runtime": 23.8481, "eval_samples_per_second": 412.696, "eval_steps_per_second": 51.618}